SNPS,CHR
rs4939827,18
rs16892766,8
rs6983267,8
rs7130173,11
rs58658771,15
rs6507874,18
rs1741640,20
rs12135286,1
rs72746180,5
rs74106363,12
rs145503185,9
rs3087967,11
chr1:222148971,NA
chr5:134457675,NA
chr8:117632965,NA
chr8:117715457,NA
chr8:128421128,NA
chr10:8734761,NA
chr10:104867686,NA
chr10:114306441,NA
chr12:57540848,NA
chr12:112468206,NA
chr18:46453156,NA
chr20:7784672,NA
chr20:57432606,NA
rs71518872,8
rs8114643,20
rs12140498,1
rs7014346,8
rs885036,2
rs7601541,2
rs78201730,17
rs7912831,10
rs2366964,3
rs7582977,2
rs13402783,2
rs11692570,2
rs17201864,15
rs1372330,9
rs17082301,4
rs10920654,1
rs1023741,10
rs5749032,22
rs12949587,17
rs6110524,20
rs3815652,7
rs756055,14
rs7153665,14
rs4754687,11
rs139427218,3
rs10505477,8
rs76766811,7
rs2327990,20
rs11918092,3
rs9534678,13
rs9285673,5
rs1145724,6
rs1426107,4
rs7767396,6
rs10935473,3
rs3804622,3
rs844159,3
rs507666,9
rs579459,9
rs1729963,3
rs2229523,6
rs494688,6
rs10455449,6
rs12200330,6
rs12199516,6
rs2121594,6
rs6913634,6
rs1447157,6
rs9342047,6
rs6900270,6
rs9362215,6
rs9450383,6
rs6942065,6
rs9353319,6
rs725033,1
rs6604616,1
rs11118119,1
rs11118103,1
rs28611105,14
rs933698921,7
rs827386,10
rs704017,10
rs73376930,15
rs11874392,18
rs3124454,1
rs353548,3
rs736037,22
chr8:128410948,NA
rs2293582,15
rs6117251,20
rs11926701,3
rs6687758,1
rs11255841,10
rs7229639,18
rs11196172,10
rs12682374,8
rs4939567,18
rs12241008,10
rs4572213,12
rs6691195,1
rs254563,5
rs6065668,20
rs847208,16
rs174594,11
rs9733843,10
rs7758229,6
rs35509282,4
rs17659990,3
rs7722513,5
rs10811654,9
rs12358150,10
rs111936498,10
rs149212747,12
rs11476204,20
rs141093369,1
rs17060573,4
rs36096333,5
rs11779352,8
rs10808556,8
rs77802795,10
rs141177865,11
rs35204860,17
rs6055341,20
rs7316968,13
chr6:72974704,NA
rs1701530871,2
rs72818736,10
rs72942485,3
rs7302363,12
rs73039433,19
rs7320268,13
rs73864033,3
rs7494781,15
rs75128197,8
rs7557709,2
rs7564773,2
rs7564883,2
rs7572632,2
rs7614538,3
rs76880073,10
rs7728240,5
rs77433872,17
rs77572134,3
rs78268366,17
rs78452026,1
rs79101886,8
rs79105258,12
rs79379434,19
rs7955205,12
rs8098041,18
rs9264796,6
rs6086194,20
rs12022676,1
rs7897438,10
rs770020527,10
rs184201123,11
chr12:113470025,NA
rs6140071,20
rs4871788,8
rs10795668,10
rs61237993,9
rs6125934,20
rs61389091,11
rs62404966,6
rs6480917,10
rs6507877,18
rs6507878,18
rs6510329,19
rs6599127,3
rs6658977,1
rs6673317,1
rs6674188,1
rs6679981,1
rs671,12
rs6768530,3
rs6911915,6
rs7194355,16
rs72712390,8
rs72729468,1
rs9264943,6
rs9441981,1
rs944796,9
rs9462210,6
rs9729284,1
rs983318,17
rs9946510,18
chr3:53079732,NA
rs61928263,12
rs6475604,9
rs371061408,1
rs17129837,10
rs7894531,10
rs7105857,11
rs150661405,12
rs1554865,15
rs57989199,15
rs1078643,17
rs76409885,17
rs6066825,20
rs6067449,20
rs493809,20
rs6085662,20
rs4302273,20
rs57064586,3
rs2853672,5
rs7810512,7
rs2015069,8
rs1537372,9
chr10:52646867,NA
rs12143541,1
rs12149163,16
rs1258756,15
rs12591992,15
rs12666319,7
rs12822984,12
rs11067228,12
rs13086367,3
rs1321456,20
rs1379647056,1
rs140356782,10
rs1445011,5
rs1446646,2
rs1447129,6
rs114363880,7
rs11604752,11
rs11604951,11
rs16970016,15
rs17011146,1
rs17124432,12
rs11699816,20
rs12120034,1
chr18:46420749,NA
chr20:33079384,NA
rs10022844,4
rs10318,15
rs10425324,19
rs1046872,11
rs12818766,12
rs11066453,12
rs13042028,20
rs11108174,12
rs11157780,14
rs11169484,12
rs11196173,10
rs11213825,11
rs112191583,1
rs11255815,10
rs11255866,10
rs1554868,15
rs1562871,8
rs16878812,6
rs11610543,12
rs11696198,20
rs11707109,3
rs1736339795,4
rs17365288,4
rs174576,11
rs17488834,2
rs17500846,10
rs17563,14
rs17572109,2
rs17720145,20
rs181112261,8
rs1815949,11
rs1917932,2
rs1949941870,11
rs1961622,12
rs199879110,12
rs200141259,8
rs2002315,11
rs2003311,11
rs200713222,12
rs2048123439,14
rs2111324,10
rs2193352,10
rs2236200,20
rs2270003,1
rs2293581,15
rs2337113,18
rs235767,20
rs235770,20
rs2437844,8
rs2516452,6
rs2635513,NA
rs2735940,5
rs28448276,16
rs28605759,1
rs2870841,12
rs28774977,8
rs3192177,2
rs3217810,12
rs3217840,12
rs3217870,12
rs3217874,12
rs34099011,1
rs34863430,12
rs35107139,14
rs35783535,2
rs3801081,7
rs3809570,15
rs4493936,8
rs4505341,16
rs45597035,13
rs4583925,5
rs4698928,4
rs4727436,7
rs4767318,12
rs4811073,20
rs4813802,20
rs4939824,18
rs4944940,11
rs4976270,5
rs551355324,16
rs56270678,9
rs56324967,15
rs57284764,15
rs6017248,20
rs6020486,20
rs6038521,20
rs6086196,20
rs6091189,20
rs4119480,13
rs4233286,1
rs55696122,1
rs10640406,18
rs77994,20
rs143926630,6
rs200235517,8
rs2238126,12
rs4971775,2
rs9313579,5
rs6950598,7
rs11761214,7
rs10902298,11
rs12778523,10
rs647161,5
rs10427139,19
rs12723298; rs10495462,1;1
rs2359367; rs4390954,3;3
rs16825454; rs824918,2;2
rs505706,1
rs2919408,8
rs2131902,1
rs969095,5
rs16889360,5
rs1491041,12
rs541295,15
rs1124774,15
rs771590478,12
rs73117563,5
chr7:47908078,NA
rs146812962,11
rs80081514,11
rs577506393,4
rs2450114,8
rs190984989,7
rs2317214,8
rs181884741,15
rs757853362,9
rs556774218,4
rs184460725,12
rs532121722,18
rs765653839,17
rs114717436,3
rs139372065,3
chr14:87884825,NA
rs190075927,18
rs115328319,11
rs555221112,18
rs538113020,8
rs545835393,8
rs144042722,8
rs528673883,2
rs141612737,17
rs776092710,3
rs209489,6
rs7252505,19
rs4711689,6
rs2450115,8
rs6469656,8
rs4919687,10
rs10506868,10
rs11064437,12
rs6061231,20
rs174537,11
rs10849432,12
rs10774214,12
rs12603526,17
rs1800469,19
rs2423279,20
rs6469656; rs2450115,8;8
rs72647484,1
rs76316943,8
rs3824999,11
rs4768903,12
rs7226855,18
rs2427308,20
rs4444235,14
rs10411210,19
rs9929218,16
rs961253,20
rs4925386,20
rs10936599,3
rs11169552,12
rs6691170,1
rs2965667,12
rs16973225,15
rs964293,20
rs4143094,10
rs367615 x rs10795668,5 x 10
rs34245511,12
rs1035209,10
rs140355816,8
rs992157,2
rs6589219,11
rs9409565,9
rs4308634,7
rs11108175,12
rs67052019,NA
rs9634162,12
rs6469654,8
rs61510274,3
rs4554811,10
rs4341754,16
rs6584283,10
rs9915645,17
rs2730985,12
rs3830041,6
rs9930005,16
rs113569514,3
rs80207046,10
rs11066132,12
rs12822620,12
rs6086195,20
rs4546885,1
rs12025420,1
rs2511653,8
rs10971921,9
rs72777082,10
rs11108173,12
rs8001158,13
rs8022952,14
rs79207432,15
rs2439411,15
rs28570619,19
rs1810501,20
rs2427313,20
rs6085661,20
rs2732875,X
rs16969681,15
rs7542665,1
rs7606562,2
rs12659017,5
rs1476570,6
rs1886450,13
rs13831,20
rs9991540,4
rs7944895,11
rs12427378,12
rs913245,20
rs2427291,20
rs186107317,1
rs11255835,10
rs189655236,12
rs144717887,14
rs698022,14
rs507068,1
rs6434979,2
rs10462706,5
rs174570,11
rs12312603,12
rs11610322,12
rs79127996,20
rs79052526,1
rs62329683,5
rs10757272,9
rs6783836,3
rs35360328,3
rs812481,3
rs73208120,12
rs3184504,12
rs11190164,10
rs3802842,11
rs4779584,15
rs11903757,2
rs1321311,6
rs5934683,X
rs1810502,20
rs13020391,2
rs35470271,3
rs1321310,6
rs57796856,11
rs11169572,12
rs597808,12
rs7315438,12
rs11893063,2
rs77776598,5
rs10951878,7
rs1412834,9
rs12979278,19
rs7593422,2
rs7495132,15
rs10849438,12
rs6055286,20
rs4450168,11
rs4811050,20
rs10152518,15
rs17816465,15
rs899244,16
rs6091213,20
rs61336918,16
rs3787089,20
rs639933,5
rs3131043,6
rs61776719,1
rs16959063,15
rs2070699,6
rs12255141,10
rs75686861,4
rs285245,19
rs9831861,3
rs12635946,3
rs7993934,13
rs9797885,19
rs2179593,20
rs7398375,12
rs4776316,15
rs12427600,13
rs9271770,6
rs17035289,4
rs6933790,6
rs73975588,17
rs1330889,13
rs11692435,2
rs6928864,6
rs9537521,13
rs73039434,19
rs2049942,20
rs2437841,8
rs4871022,8
rs7068313,10
rs140989504,11
rs11066015,12
chr18:46451146,NA
rs1620977,1
rs4730274,7
rs4151657,6
rs7005722,8
rs58791712,5
rs1535,11
rs17094983,14
rs1446585,2
rs2302274,5
rs73161913,7
rs7071258,10
rs62131228,19
rs6014965,20
rs1800734,3
rs61975764,14
rs80158569,14
rs186507655,1
rs481519,3
rs7679673,4
rs7725218,5
rs1862626,5
rs11200014,10
rs7931342,11
rs148883465,11
rs56084662,13
rs11571833,13
rs12601991,17
rs11907546,20
rs2300206,20
rs73110464,12
rs11571818,13
rs11844632,14
rs4808075,19
rs2990223,1
rs11263763,17
rs4971099,1
rs11813268,10
rs2981584,10
rs4630240,10
rs1590566,10
rs11927381,3
rs6860328,5
rs244477,5
rs9273736,6
rs7463708,8
rs2976384,8
rs56111229,1
rs10786774,10
rs1219651,10
rs78540526,11
rs112149573,16
rs11651755,17
rs4442975,2
rs71329345,20
rs147759720,22
rs778188682,5
rs205780,7
rs1827336845,9
rs2237896,11
rs1485995,11
rs1105291,15
rs10908278,17
rs1859963,17
rs4848599,2
rs830888,5
rs6913578,6
rs35409710,6
rs2525548,7
rs2585181,8
rs4007642,9
rs10891246,11
rs35808169,12
rs4968127,17
rs6063514,20
rs7121958,11
rs7300312,12
rs10821907,10
rs12372718,12
rs13149359,4
rs17011141,1
rs174533,11
rs6067417,20
rs7013278,8
rs73975586,17
rs7708610,5
rs78368589,5
rs8020436,14
rs994308,20
rs28488,20
rs12246635,10
rs4901473,14
rs10849433,12
rs116353863,6
rs117079142,8
rs11884596,2
rs1250567,10
rs12708491,15
rs11087784,20
rs12514517,5
rs4313119,8
rs189583,20
rs2250430,12
rs3731861,2
rs28840750,19
rs3133285,8
rs10049390,3
rs10980628,9
rs11727676,4
rs12144319,1
rs1391441,4
rs145364999,5
rs34405347,9
rs34797592,19
rs4360494,1
rs448513,2
rs4759277,12
rs6031311,20
rs73068325,19
rs7333607,13
rs8000189,13
rs6678517,1
rs7160450,14
rs755229494,5
rs9924886,16
rs12672022,7
rs2186607,11
rs75954926,17
rs78341008,13
rs9271695,6
rs983402,2
rs10751097,11
rs11236187,11
rs117042741,11
rs2155065,11
rs497916,11
rs10849434,12
rs7297628,12
rs11178634,12
rs653178,12
rs7299936,12
rs116964464,13
rs4733767,8
rs7859362,9
rs11557154,9
rs10978941,9
rs10817106,9
rs7038489,9
rs11789898,9
rs1773860,10
rs10821905,10
rs1782645,10
rs35564340,10
rs4444073,11
rs209142,6
rs2517448,6
rs62401893,6
rs9271363,6
rs9470361,6
rs17686932,7
rs60911071,8
rs826732,8
rs151127921,6
rs1182197,7
rs4236382,7
rs6948177,7
rs1445012,5
rs3930345,5
rs472959,5
rs1294437,6
rs9379084,6
rs10161980,13
rs12427846,13
rs9318511,13
rs1078563,13
rs4600332,13
rs1497077,14
rs1919364,15
rs77148098,15
rs8031386,15
rs71407320,15
rs3936188,16
rs7206216,16
rs62042090,16
rs11247566,17
rs1791373,18
rs10409772,19
rs11670192,19
rs966816,20
rs6012915,20
rs6095946,20
rs2738783,20
rs9983528,21
rs4616575,22
rs130651,22
rs5751474,22
rs9614460,22
rs9330814,22
rs67550176,3
rs34963268,1
rs8179460,1
rs2007403,4
rs12078075,1
rs2078095,1
rs1426947,4
rs12539962,7
rs57939401,6
rs2001732,3
rs704417,3
rs2807367,1
rs5028523,1
rs280097,4
rs12137232,1
rs2388976,4
rs10006803,4
rs201395236,1
rs55810369,5
rs4668039,2
rs2527927,7
rs4675253,2
rs2208603,6
rs6912214,6
rs2581817,3
rs145997965,6
rs7623129,3
